Workbook

Sheet DASHBOARD
A1: 📊 PHARMA AI TRAINING — MANAGEMENT DASHBOARD
A2: MN Crop | AI Training Division | Last Updated: 09 June 2026
B4: Total Programs | D4: Confirmed | F4: Proposals Sent | H4: Pending Action | J4: Completed | L4: Active Clients
B5: =COUNTA(TRACKER!B4:B200) -> 14 | D5: =COUNTIF(TRACKER!G4:G200,"Confirmed")+COUNTIF(TRACKER!G4:G200,"Training Scheduled")+COUNTIF(TRACKER!G4:G200,"Training Ongoing") -> 1 | F5: =COUNTIF(TRACKER!G4:G200,"Proposal Sent") -> 4 | H5: =COUNTIF(TRACKER!G4:G200,"Pending Proposal")+COUNTIF(TRACKER!G4:G200,"Follow-Up Required") -> 7 | J5: =COUNTIF(TRACKER!G4:G200,"Training Completed") -> 0 | L5: =COUNTA(COMPANIES!B4:B13)-COUNTIF(COMPANIES!B4:B13,"")-COUNTBLANK(COMPANIES!C4:C13) -> 9
B6: programs | D6: programs | F6: programs | H6: programs | J6: programs | L6: clients
B9: STATUS BREAKDOWN | H9: PRIORITY BREAKDOWN | L9: ⚡ IMMEDIATE ACTIONS
A10: Ref | B10: Program | C10: Action
B11: Active | C11: =COUNTIF(TRACKER!G4:G200,"Active") -> 3 | D11: =IFERROR(C11/SUM(C11:C22),0) -> 0.1875 | E11: =IFERROR(REPT("█",ROUND(C11/MAX(C11:C22)*20,0))&" "&C11,"") -> ██████████ 3 | H11: Critical | J11: =COUNTIF(TRACKER!F4:F200,"Critical") -> 0 | L11: EVR-001 | M11: Everest Pharma — AI for Oncology Doctors → Await date confirmation | N11: 2026-06-20
B12: Pending Proposal | C12: =COUNTIF(TRACKER!G4:G200,"Pending Proposal") -> 6 | D12: =IFERROR(C12/SUM(C11:C22),0) -> 0.375 | E12: =IFERROR(REPT("█",ROUND(C12/MAX(C11:C22)*20,0))&" "&C12,"") -> ████████████████████ 6 | H12: High | J12: =COUNTIF(TRACKER!F4:F200,"High") -> 3 | L12: EVR-002 | M12: Everest Pharma — PharmaMind AI → Confirm Series 1 kick-off date | N12: 2026-06-25
B13: Proposal Sent | C13: =COUNTIF(TRACKER!G4:G200,"Proposal Sent") -> 4 | D13: =IFERROR(C13/SUM(C11:C22),0) -> 0.25 | E13: =IFERROR(REPT("█",ROUND(C13/MAX(C11:C22)*20,0))&" "&C13,"") -> █████████████ 4 | H13: Medium | J13: =COUNTIF(TRACKER!F4:F200,"Medium") -> 12 | L13: ARS-001 | M13: Aristo — SmartDoc AI Doctors → Follow up: date confirmation | N13: 2026-06-18
B14: Meeting Scheduled | C14: =COUNTIF(TRACKER!G4:G200,"Meeting Scheduled") -> 0 | D14: =IFERROR(C14/SUM(C11:C22),0) -> 0 | E14: =IFERROR(REPT("█",ROUND(C14/MAX(C11:C22)*20,0))&" "&C14,"") -> 0 | H14: Low | J14: =COUNTIF(TRACKER!F4:F200,"Low") -> 1 | L14: ARS-002 | M14: Aristo — AI for HR July 18–19 → Send participant form & survey | N14: 2026-06-22
B15: In Negotiation | C15: =COUNTIF(TRACKER!G4:G200,"In Negotiation") -> 0 | D15: =IFERROR(C15/SUM(C11:C22),0) -> 0 | E15: =IFERROR(REPT("█",ROUND(C15/MAX(C11:C22)*20,0))&" "&C15,"") -> 0 | L15: ARS-003 | M15: Aristo — Data Analysis Program → Complete & send proposal | N15: 2026-06-28
B16: Confirmed | C16: =COUNTIF(TRACKER!G4:G200,"Confirmed") -> 1 | D16: =IFERROR(C16/SUM(C11:C22),0) -> 0.0625 | E16: =IFERROR(REPT("█",ROUND(C16/MAX(C11:C22)*20,0))&" "&C16,"") -> ███ 1 | L16: ARS-004 | M16: Aristo — Pharma Plant AI → Complete & send proposal | N16: 2026-06-30
B17: Training Scheduled | C17: =COUNTIF(TRACKER!G4:G200,"Training Scheduled") -> 0 | D17: =IFERROR(C17/SUM(C11:C22),0) -> 0 | E17: =IFERROR(REPT("█",ROUND(C17/MAX(C11:C22)*20,0))&" "&C17,"") -> 0 | L17: BDPHR-001 | M17: BD Industry Workshop → Finalise venue & marketing | N17: 46213
B18: Training Ongoing | C18: =COUNTIF(TRACKER!G4:G200,"Training Ongoing") -> 0 | D18: =IFERROR(C18/SUM(C11:C22),0) -> 0 | E18: =IFERROR(REPT("█",ROUND(C18/MAX(C11:C22)*20,0))&" "&C18,"") -> 0
B19: Training Completed | C19: =COUNTIF(TRACKER!G4:G200,"Training Completed") -> 0 | D19: =IFERROR(C19/SUM(C11:C22),0) -> 0 | E19: =IFERROR(REPT("█",ROUND(C19/MAX(C11:C22)*20,0))&" "&C19,"") -> 0
B20: Follow-Up Required | C20: =COUNTIF(TRACKER!G4:G200,"Follow-Up Required") -> 1 | D20: =IFERROR(C20/SUM(C11:C22),0) -> 0.0625 | E20: =IFERROR(REPT("█",ROUND(C20/MAX(C11:C22)*20,0))&" "&C20,"") -> ███ 1
B21: On Hold | C21: =COUNTIF(TRACKER!G4:G200,"On Hold") -> 1 | D21: =IFERROR(C21/SUM(C11:C22),0) -> 0.0625 | E21: =IFERROR(REPT("█",ROUND(C21/MAX(C11:C22)*20,0))&" "&C21,"") -> ███ 1
B22: Cancelled | C22: =COUNTIF(TRACKER!G4:G200,"Cancelled") -> 0 | D22: =IFERROR(C22/SUM(C11:C22),0) -> 0 | E22: =IFERROR(REPT("█",ROUND(C22/MAX(C11:C22)*20,0))&" "&C22,"") -> 0
B26: CLIENT PROGRAM SUMMARY
A27: Company | B27: Programs | C27: Confirmed | D27: Pending | E27: Completed | F27: Total Participants (Est.) | G27: Participant Target | H27: Key Contact
B28: Everest Pharma Limited | C28: =COUNTIF(TRACKER!B4:B200,"Everest Pharma Limited") -> 2 | D28: =SUMPRODUCT((TRACKER!B4:B200="Everest Pharma Limited")*(TRACKER!G4:G200="Confirmed")) -> 0 | E28: =SUMPRODUCT((TRACKER!B4:B200="Everest Pharma Limited")*(TRACKER!G4:G200="Pending Proposal")) -> 0 | F28: =SUMPRODUCT((TRACKER!B4:B200="Everest Pharma Limited")*(TRACKER!G4:G200="Training Completed")) -> 0 | G28: 50+ | H28: Proposal Stage | I28: [Contact Name]
B29: Aristo Pharma Ltd | C29: =COUNTIF(TRACKER!B4:B200,"Aristo Pharma Ltd") -> 4 | D29: =SUMPRODUCT((TRACKER!B4:B200="Aristo Pharma Ltd")*(TRACKER!G4:G200="Confirmed")) -> 0 | E29: =SUMPRODUCT((TRACKER!B4:B200="Aristo Pharma Ltd")*(TRACKER!G4:G200="Pending Proposal")) -> 2 | F29: =SUMPRODUCT((TRACKER!B4:B200="Aristo Pharma Ltd")*(TRACKER!G4:G200="Training Completed")) -> 0 | G29: 60+ | H29: Proposal Stage | I29: [Contact Name]
B30: Opsonin Pharma Limited | C30: 2 | D30: 1 | E30: 1 | F30: 160 | G30: 50+ | H30: Active — 1 Confirmed | I30: [Contact Name]
B31: Delta Pharma Ltd | C31: 2 | D31: 2 | E31: 0 | F31: =SUMPRODUCT((TRACKER!B6:B202="Aristo Pharma Ltd")*(TRACKER!G6:G202="Training Completed")) -> 0 | G31: 30+ | H31: Proposal Stage | I31: [Contact Name]
B32: Popular Pharmaceuticals | C32: 2 | D32: 2 | E32: 0 | F32: =SUMPRODUCT((TRACKER!B7:B203="Aristo Pharma Ltd")*(TRACKER!G7:G203="Training Completed")) -> 0 | G32: 30+ | H32: Proposal Stage | I32: [Contact Name]
B33: Renata Limited | C33: =COUNTIF(TRACKER!B8:B204,"Aristo Pharma Ltd") -> 2 | D33: =SUMPRODUCT((TRACKER!B8:B204="Aristo Pharma Ltd")*(TRACKER!G8:G204="Confirmed")) -> 0 | E33: =SUMPRODUCT((TRACKER!B8:B204="Aristo Pharma Ltd")*(TRACKER!G8:G204="Pending Proposal")) -> 2 | F33: =SUMPRODUCT((TRACKER!B8:B204="Aristo Pharma Ltd")*(TRACKER!G8:G204="Training Completed")) -> 0 | G33: 30+ | H33: Proposal Stage | I33: [Contact Name]
B34: All BD Pharmaceuticals Company | C34: 3 | D34: 3 | E34: 0 | F34: =SUMPRODUCT((TRACKER!B9:B205="Aristo Pharma Ltd")*(TRACKER!G9:G205="Training Completed")) -> 0 | G34: 30+ | H34: Proposal Stage | I34: [Contact Name]
B38: 📋 HOW TO USE THIS TRACKER
B39: ① TRACKER Sheet: Add new programs in rows below the existing data. Use the dropdown menus for Status, Priority, Department, Series, Company, and Responsible Person.
B40: ② CALL LOG Sheet: Log every client call, email, and meeting. Update the Outcome and Status columns after each interaction.
B41: ③ COMPANIES Sheet: Maintain contact information for all pharma clients and prospects. Update Active Programs count manually.
B42: ④ DASHBOARD: Refreshes automatically. All counts and charts pull from TRACKER and COMPANIES sheets using formulas.
B43: ⑤ Color Coding: Status cells are color-coded automatically. Green = Confirmed/Completed. Gold = Proposal Sent. Red = Follow-Up Required. Blue = Active.
B44: ⑥ Dates: Enter all dates in YYYY-MM-DD format for consistent sorting and filtering. Use Excel filters on TRACKER row 3 to sort by status, priority, or company.

Sheet LOOKUP
A1: LOOKUP DATA — DO NOT EDIT
A2: Status | B2: Priority | C2: Training Type | D2: Company | E2: Responsible Person | F2: Call Outcome | G2: Department | H2: Series
A3: Active | B3: Critical | C3: AI for Doctors | D3: Everest Pharma Limited | E3: Md. Hasan Mahfuz | F3: Positive — Moving Forward | G3: Marketing | H3: Series 1 — Foundation
A4: Pending Proposal | B4: High | C4: Pharma Marketing AI | D4: Aristo Pharma Ltd | E4: Training Team | F4: Interested — Follow Up | G4: HR | H4: Series 2 — Automation
A5: Proposal Sent | B5: Medium | C5: HR AI Workshop | D5: Square Pharmaceuticals | E5: Account Manager | F5: Requested Proposal | G5: Medical Affairs | H5: Series 3 — Advanced
A6: Meeting Scheduled | B6: Low | C6: Pharma Plant AI | D6: Beximco Pharmaceuticals | E6: Partner Trainer | F6: Meeting Set | G6: Regulatory | H6: One-Day Workshop
A7: In Negotiation | C7: Clinical Research AI | D7: ACME Laboratories | F7: No Response | G7: QA/QC | H7: Half-Day Session
A8: Confirmed | C8: Regulatory Affairs AI | D8: Incepta Pharmaceuticals | F8: Not Interested | G8: Manufacturing | H8: 2-Day Workshop
A9: Training Scheduled | C9: QA/QC AI Workshop | D9: Renata Limited | F9: Callback Requested | G9: R&D | H9: 12-Month Program
A10: Training Ongoing | C10: R&D AI Training | D10: Healthcare Pharma | G10: Supply Chain | H10: Monthly Session
A11: Training Completed | C11: Supply Chain AI | D11: Globe Pharma | G11: Pharmacovigilance | H11: Custom
A12: Follow-Up Required | C12: Pharmacovigilance AI | D12: Other | G12: All Departments
A13: On Hold | C13: 2-Day Industry Workshop
A14: Cancelled | C14: Custom Program

Sheet TRACKER
A1: 🏥 PHARMA AI TRAINING — REQUIREMENT TRACKER
A2: MN Crop | AI Training Division | Md. Hasan Mahfuz | himonmist@gmail.com | +880 1716 510858
A3: ID | B3: Company / Client | C3: Department | D3: Training Program | E3: Series / Format | F3: Priority | G3: Status | H3: Requirement Details | I3: Proposed Date | J3: Confirmed Date | K3: Training Duration | L3: No. of Participants | M3: Venue | N3: Proposal Sent | O3: Proposal Ref | P3: Responsible Person | Q3: Next Action | R3: Action Due Date | S3: Last Updated | T3: Remarks / Notes
A4: EVR-001 | B4: Everest Pharma Limited | C4: Medical Affairs / Marketing | D4: AI for Oncology Doctors | E4: One-Day Workshop — Series 1 | F4: High | G4: Proposal Sent | H4: 1-day intensive for oncology doctors. Cover AI tools, prompt writing, research analysis, scientific PPT, image/video gen, ethical AI. Mobile-based. | I4: 2026-07-15 | K4: 1 Day (9AM–4PM) | L4: 20–30 Doctors | M4: Everest Pharma Office, Dhaka | N4: Yes | O4: EVR-001-PROP-2026 | P4: Md. Hasan Mahfuz | Q4: Await confirmation of training date and participant list | R4: 2026-06-20 | S4: 2026-06-09 | T4: Course content outline shared. Exclusive content agreement available. 30-day post-training WhatsApp support included.
A5: EVR-002 | B5: Everest Pharma Limited | C5: Marketing Department | D5: PharmaMind AI — Full Marketing Automation | E5: 12-Month Program (3 Series) | F5: Medium | G5: Proposal Sent | H5: Series 1 (Month 1): AI tools, prompts, data analysis, content design, SEO, email automation, ethical AI. Series 2 (Month 3): RAG, dashboards, reporting automation. Series 3 (Month 5): MCP, chatbot, AI Champion. | I5: 2026-07-01 | K5: 12 Months — 2-Day Training every 2 Months + Monthly Monitoring | L5: Full Marketing Team | M5: Everest Pharma Premises, Dhaka | N5: Yes | O5: EVR-002-PROP-2026 | P5: Md. Hasan Mahfuz | Q5: Confirm kick-off date for Series 1 training | R5: 2026-06-25 | S5: 2026-06-09 | T5: 80% automation target by Month 6. 100% by Month 12. Marketing AI Playbook + AI Champions. Full 12-month commitment.
A6: ARS-001 | B6: Aristo Pharma Ltd | C6: Marketing (Doctor Engagement) | D6: SmartDoc AI — AI for Doctors | E6: Half-Day Mobile Session (4 Hours) | F6: High | G6: Proposal Sent | H6: 4-hour mobile-based session: AI tools for doctors, ethical AI, patient management, prescription management AI, diagnosis report processing. 100% mobile — no laptop required. | I6: 2026-07-10 | K6: 4 Hours (9AM–1PM) | L6: 15–25 Doctors | M6: Aristo Pharma Office, Dhaka | N6: Yes | O6: ARS-001-PROP-2026 | P6: Account Manager | Q6: Follow up with Marketing Head for date confirmation | R6: 2026-06-18 | S6: 2026-06-09 | T6: Exclusive content — not shared with competing pharma. Prompt card + 14-day WhatsApp challenge included. Confidentiality agreement available.
A7: ARS-002 | B7: Aristo Pharma Ltd | C7: HR Department | D7: AI for HR Professionals — From Foundations to Pharma Hiring Tools | E7: 2-Day Workshop | F7: Low | G7: Proposal Sent | H7: Day 1: AI tools for HR, prompt engineering, CV screening, JD writing, people analytics. Day 2: Real pharma hiring tools, appraisal automation, HR dashboard generation, ethical AI in HR. | I7: 2026-07-18 | J7: 2026-07-18 | K7: 2 Days (18–19 July 2026) | L7: 12–20 HR Staff | M7: Dhaka, Bangladesh | N7: Yes | O7: ARS-002-PROP-2026 | P7: Account Manager | Q7: Send participant confirmation form and pre-workshop survey | R7: 2026-06-22 | S7: 2026-06-09 | T7: Dates confirmed: 18–19 July 2026. Prepare participant list. Send logistics details 7 days before.
A8: ARS-003 | B8: Aristo Pharma Ltd | C8: HR / Plant Operations | D8: AI for Data Analysis, Pharma Marketing & Sales Reporting | E8: 2-Day Program (New) | F8: Medium | G8: Pending Proposal | H8: AI-assisted sales data analysis, pharma reporting pipelines, dashboard generation, Excel AI, automated report dispatch. HR analytics included. | K8: 2 Days | L8: HR Analysts + Sales Reporting Team | M8: Aristo Pharma Premises | N8: No | P8: Md. Hasan Mahfuz | Q8: Finalise course content and send proposal | R8: 2026-06-28 | S8: 2026-06-09 | T8: Discussed in meeting. Content outline in development. Send full proposal by end of June 2026.
A9: ARS-004 | B9: Aristo Pharma Ltd | C9: Plant Operations / QA / Production | D9: Pharma Plant AI — Basic Sustainable Program | E9: 1-Day + 6-Month Roadmap | F9: Medium | G9: Pending Proposal | H9: AI for QC documentation, CAPA drafting, production planning, inventory intelligence. 3-phase sustainability ladder + internal AI Champion program. | K9: 1 Day Training + Monthly Follow-Up (6 Months) | L9: Plant Staff 15–25 | M9: Aristo Plant Premises | N9: No | P9: Account Manager | Q9: Finalise proposal and send to HR contact | R9: 2026-06-30 | S9: 2026-06-09 | T9: Sustainable model: Phase 1 (awareness), Phase 2 (guided practice), Phase 3 (AI Champion-led). Low cost, high impact.
A10: BDPHR-001 | B10: Bangladesh Pharma Industry (Open Registration) | C10: All Departments | D10: CSV Training for Pharma — Malaysia | E10: International Residential Program | F10: Medium | G10: Active | H10: International CSV (Computer System Validation) and pharma AI training. Malaysia venue. First week of August 2026. | I10: 2026-08-04 | K10: TBC — First Week August 2026 | L10: TBC | M10: Malaysia | N10: No | P10: Training Team | Q10: Share program details and invite participant nominations | R10: 2026-06-25 | S10: 2026-06-09 | T10: International training. Aristo Pharma invited to nominate participants. Details to be shared separately.
A11: BDPHR-002 | B11: Bangladesh Pharma Industry (Open Registration) | C11: All 10 Departments | D11: Transformation of AI in the Pharmaceutical Sector | E11: 2-Day Industry Workshop — Basic Level | F11: High | G11: Active | H11: Industry-wide public workshop. 12 sessions. 10 departments covered: Regulatory, PV, Clinical Research, QA, Manufacturing, Supply Chain, QC, R&D, Sales & Marketing, HR. Local AI setup, portfolio building, automation, 90-day action plan. | K11: 2 Days (10AM–5PM) | L11: Open Registration — 30–60 Participants | M11: Dhaka (Venue TBD) | N11: No | P11: Md. Hasan Mahfuz | Q11: Finalise venue, registration link, and marketing outreach | R11: 2026-07-15 | S11: 2026-06-09 | T11: Course outline complete. Target: All BD pharma professionals. Certificate awarded.
A12: BDPHR-003 | B12: Bangladesh Pharma Industry (Open Registration) | C12: HR | D12: HR AI Workshop | E12: 2-Day Workshop- Basic Level | F12: Medium | G12: Active | I12: 46983 | K12: 2 Days (10AM–5PM) | L12: Open Registration — 30–60 Participants | M12: Dhaka (Venue TBD) | N12: Yes | P12: Md. Hasan Mahfuz | Q12: Finalise venue, registration link, and marketing outreach | R12: 2026-07-15 | S12: 2026-06-09 | T12: Course outline complete. Target: All BD pharma HR , HRBP professionals. Dates confirmed: 18–19 July 2026. Prepare participant list. Send logistics details 7 days before.
A13: OPS-001 | B13: Opsonin Pharma Ltd. | C13: All Departments | D13: Pharma Plant AI | E13: 2-Day Workshop | F13: Medium | G13: Confirmed | I13: 5-6 July & 22-25 August-2026 | K13: 2 Days (10AM–5PM) | L13: 50-60 Participants -3 Batch -Total 160 | M13: Borishal | N13: Yes | P13: Account Manager | S13: 2026-06-09
A14: NEW-003 | B14: Delta Pharmaceuticals | F14: Medium | G14: Pending Proposal | N14: No | P14: Md. Hasan Mahfuz | S14: 2026-06-09
A15: NEW-004 | B15: Delta Pharmaceuticals | F15: Medium | G15: Pending Proposal | N15: No | P15: Md. Hasan Mahfuz | S15: 2026-06-10
A16: NEW-005 | F16: Medium | G16: Pending Proposal | N16: No | P16: Md. Hasan Mahfuz | S16: 2026-06-11
A17: NEW-006 | F17: Medium | G17: Pending Proposal | N17: No | P17: Md. Hasan Mahfuz | S17: 2026-06-12
A18: DEL-001 | B18: Delta Pharmaceuticals | C18: All Departments | D18: Custom Program | E18: 2-Day Workshop | F18: Medium | G18: On Hold | K18: 2 Days (10AM–5PM) | L18: 50-60 Participants -3 Batch -Total 160 | M18: Delta Pharma Office, Dhaka | N18: Yes | P18: Account Manager | R18: 2026-07-15 | S18: 46166 | T18: Driver Training Program for 10 person Driver from Delta Pharma, Trainer also fixed
A19: DEL-002 | B19: Delta Pharmaceuticals | C19: All Departments | D19: Custom Program | E19: 2-Day Workshop | F19: Medium | G19: Follow-Up Required | K19: 2 Days (10AM–5PM) | L19: 50-60 Participants -3 Batch -Total 160 | M19: Delta Pharma Office, Dhaka | N19: Yes | P19: Account Manager | R19: 2026-07-15 | S19: 46166 | T19: Microtik IT Training Program, Proposal Sent

Sheet CALL LOG
A1: 📞 CALL LOG & MEETING TRACKER — PHARMA AI TRAINING
A2: MN Crop | All client calls, meetings, and follow-ups
A3: Log ID | B3: Date | C3: Time | D3: Company / Client | E3: Contact Name | F3: Designation | G3: Contact Number / Email | H3: Meeting Type | I3: Discussion Summary | J3: Outcome | K3: Action Required | L3: Follow-Up Date | M3: Responsible | N3: Status
A4: CL-001 | B4: 2026-06-08 | C4: 10:00 AM | D4: Everest Pharma Limited | E4: [Contact Name] | F4: Head of Marketing / Training Manager | G4: [Phone / Email] | H4: Client Visit | I4: Initial requirement assessment visit. Discussed AI training needs for oncology doctors and marketing team. Expressed strong interest in both AI for Doctors workshop and a long-term marketing automation program. | J4: Positive — Moving Forward | K4: Prepare full course outlines and proposals for both programs | L4: 2026-06-15 | M4: Md. Hasan Mahfuz | N4: Completed
A5: CL-002 | B5: 2026-06-08 | C5: 2:30 PM | D5: Aristo Pharma Ltd | E5: [Contact Name] | F5: Head of HR / Marketing Contact | G5: [Phone / Email] | H5: Client Visit | I5: Visited Aristo Pharma. HR team discussed AI for Data Analysis & Reporting and Pharma Plant AI requirements. Marketing team discussed SmartDoc AI for Doctors (mobile-based). HR team also confirmed interest in 18–19 July AI for HR workshop. | J5: Positive — Moving Forward | K5: Send introduction emails. Prepare course outlines for 4 programs. Confirm July workshop details. | L5: 2026-06-15 | M5: Md. Hasan Mahfuz | N5: Completed
A6: CL-003 | B6: 2026-06-10 | D6: Everest Pharma Limited | E6: [Contact Name] | F6: Training / Marketing Lead | G6: [Email] | H6: Email — Sent | I6: Sent welcome introduction email with upcoming meeting request. Mentioned both programs in brief. Indicated course content outline will be shared shortly. | J6: Positive — Moving Forward | K6: Share full course content outlines for AI for Oncology Doctors and PharmaMind AI | L6: 2026-06-15 | M6: Md. Hasan Mahfuz | N6: Action Pending
A7: CL-004 | B7: 2026-06-10 | D7: Aristo Pharma Ltd | E7: [Marketing Contact Name] | F7: Marketing Head | G7: [Email] | H7: Email — Sent | I7: Sent introduction email for SmartDoc AI — AI for Doctors exclusive mobile training program. Included full course outline, exclusivity commitment, and post-training support details. | J7: Positive — Moving Forward | K7: Follow up if no response within 3 days. Confirm training date. | L7: 2026-06-13 | M7: Md. Hasan Mahfuz | N7: Action Pending
A8: CL-005 | B8: 2026-06-10 | D8: Aristo Pharma Ltd | E8: [HR Contact Name] | F8: Head of HR | G8: [Email] | H8: Email — Sent | I8: Sent professional email to HR team covering: 1) AI for HR Professionals 2-Day Workshop (18–19 July confirmed), 2) CSV Training Malaysia (Aug), 3) AI for Data Analysis Program (coming shortly), 4) Pharma Plant AI Sustainable Program. | J8: Meeting Set | K8: Confirm participant list for July 18–19 workshop. Send pre-workshop survey. | L8: 2026-06-20 | M8: Md. Hasan Mahfuz | N8: Action Pending
A9: CL-006 | B9: 46167 | D9: Opsonin Pharma Ltd. | E9: Zoha Bhai | F9: GM, HR | H9: Email — Sent | I9: Date almost confirm (5-6 July & 22-25 August-2026) 3 Batch--Total 160 participants | J9: Positive — Moving Forward | M9: Md. Hasan Mahfuz | N9: Completed
A10: CL-007 | B10: 46167 | D10: Opsonin Pharma Ltd. | E10: Zoha Bhai | F10: GM, HR | H10: Call / Meeting | I10: CSV program Participate confirmed | J10: Positive — Moving Forward | L10: 46188 | M10: Masud Rahaman | N10: Pending
A11: CL-008 | B11: 46157 | D11: Delta Pharmaceuticals | E11: Mamun | F11: HR | H11: Call / Meeting | I11: Driver Training Program | J11: Positive — Moving Forward | L11: 2026-06-15 | M11: Masud Rahaman | N11: Pending
A12: CL-009 | B12: 46162 | D12: Delta Pharmaceuticals | E12: Mamun | F12: HR | H12: Call / Meeting | I12: Microtik Training Program | J12: Interested — Follow Up | L12: 2026-06-15 | M12: Masud Rahaman | N12: Pending
A13: CL-010 | B13: 46183 | D13: Popular Pharmaceuticals | H13: Client Visit | I13: AI for Plat Training Program | J13: Meeting Set | K13: Initial Physical Meeting on 2026-06-10 | L13: 46183 | M13: Masud Rahaman | N13: Pending
A14: CL-011 | B14: 46183 | D14: Popular Pharmaceuticals | H14: Client Visit | I14: AI for Corporate Training Program | J14: Meeting Set | K14: Initial Physical Meeting on 2026-06-10 | L14: 46183 | M14: Masud Rahaman | N14: Pending
A15: CL-012 | B15: 46184 | D15: Renata Limited | H15: Client Visit | I15: AI for Doctor Training Program | J15: Meeting Set | K15: Initial Physical Meeting on 2026-06-11 | L15: 46184 | M15: Masud Rahaman | N15: Pending
A16: CL-013 | B16: 46184 | D16: Renata Limited | H16: Client Visit | I16: AI for Doctor Training Program- Abroad Program | J16: Meeting Set | K16: Initial Physical Meeting on 2026-06-11 | L16: 46184 | M16: Masud Rahaman | N16: Pending

Sheet COMPANIES
A1: 🏢 PHARMA CLIENT DIRECTORY
A2: MN Crop | Active and Prospect Clients
A3: Co. ID | B3: Company Name | C3: Type | D3: Primary Contact | E3: Designation | F3: Phone | G3: Email | H3: Location | I3: Active Programs | J3: Relationship Status
A4: CO-01 | B4: Everest Pharma Limited | C4: Active Client | D4: Mahedi Hasan | E4: Marketing | F4: 8801711704588 | G4: [email@everestpharma.com] | H4: Dhaka, Bangladesh | I4: 2 Programs | J4: Active
A5: CO-02 | B5: Aristo Pharma Ltd | C5: Active Client | D5: Saiful Islam | E5: Sr. Manager, HR | F5: 8801959923499 | G5: saiful.hrd@aristopharma.com | H5: Dhaka, Bangladesh | I5: 5 Programs | J5: Active
A6: CO-03 | B6: Opsonin Pharma Ltd. | C6: Active Client | D6: Zoha | E6: HR GM | H6: Dhaka, Bangladesh | I6: 2 Programs | J6: Active
A7: CO-04 | B7: Delta Pharmaceuticals | C7: Prospect | D7: Mamun | E7: HR | H7: Dhaka, Bangladesh | I7: 2 Programs | J7: Prospect
A8: CO-05 | B8: ACME Laboratories | C8: Prospect | H8: Dhaka, Bangladesh | I8: 0 | J8: Prospect
A9: CO-06 | B9: Incepta Pharmaceuticals | C9: Prospect | H9: Dhaka, Bangladesh | I9: 0 | J9: Prospect
A10: CO-07 | B10: Renata Limited | C10: Active Client | H10: Dhaka, Bangladesh | I10: 2 Programs | J10: Prospect
A11: CO-08 | B11: Popular Pharmaceuticals | C11: Active Client | H11: Dhaka, Bangladesh | I11: 2 Programs | J11: Active
A12: CO-09 | B12: Radiant Pharma | C12: Prospect | H12: Dhaka, Bangladesh | I12: 0 | J12: Prospect
A13: CO-10 | B13: (Add New) | I13: 0 | J13: Prospect
